input,src_s,dst_s,src_heap,dst_heap,src_t,dst_t,mappings,diff_t,changes
6ec853ce614e1184876be90d195e1180ca3ab6c8/b30a7120f901b4a367b8a9839a8b8ba62457fbdf,19320,19320,3072,1105824,129563,150261245,16916,0.017787893,0
2a268346329c3ce17ad1269c5c0206ddd2747a17/6ec853ce614e1184876be90d195e1180ca3ab6c8,19320,19320,48128,4608,245157,25283,16916,0.016348438,0
4d323b2b117a5906ab16074c8c88b4ff162b1b82/2a268346329c3ce17ad1269c5c0206ddd2747a17,19320,19320,49664,4608,395824,25160,16916,0.016262757,0
fd8f5615ab66fd7adb1b882d6ab4ade708e4c5be/4d323b2b117a5906ab16074c8c88b4ff162b1b82,19320,19320,54656,1152,755041,29045,16916,0.017356603999999998,0
0d4eb3bc01252001344d3578007e823210b36243/fd8f5615ab66fd7adb1b882d6ab4ade708e4c5be,19320,19320,46208,4224,370567,36257,16916,0.017216825,0
efcba8a60aec69fbc2fe9d1427d80cf9aab4bd0d/0d4eb3bc01252001344d3578007e823210b36243,19320,19320,128,4224,588443,43248,16916,0.028593322999999997,0
53fa691f6dda9619b5d4e02b19f2f9b9f2903803/efcba8a60aec69fbc2fe9d1427d80cf9aab4bd0d,19162,19320,13968,2688,51408052,27381,16778,2.313194139,144
6ad621e76d6dec9f00804c53cbeaa3c9c5854d59/53fa691f6dda9619b5d4e02b19f2f9b9f2903803,19162,19162,51072,2688,518517,35169,16782,0.028635781000000003,0
7e04a00131a3a88888752e3548f3c5140b996c85/6ad621e76d6dec9f00804c53cbeaa3c9c5854d59,19162,19162,52352,4224,374836,28327,16782,0.017745115000000002,0
df55981b5d5cc46e67fcb19d13847b424632405f/7e04a00131a3a88888752e3548f3c5140b996c85,19162,19162,17728,4224,328155,33076,16782,0.032541243000000004,0
4cbc6f10822fd44225ab042473cd3a08ea46b6ce/df55981b5d5cc46e67fcb19d13847b424632405f,19162,19162,1472,4224,22362,43256,16782,0.018455838,0
91d09d9282bab509f9510d50a22708c99600f872/4cbc6f10822fd44225ab042473cd3a08ea46b6ce,19162,19162,11264,5376,227538,36983,16782,0.017380645,0
5708344667f932e4acf70864ca85dfd32a71b05a/91d09d9282bab509f9510d50a22708c99600f872,19162,19162,8192,4608,140400,41800,16782,0.018257642,0
1bc1bd24dfe5dc1bd4ea246934c6eb8a8e3e577a/5708344667f932e4acf70864ca85dfd32a71b05a,19162,19162,1472,4608,30511,35779,16782,0.017972125,0
6c8a2e1658c86e0aed72b0f618814d25aec2d836/1bc1bd24dfe5dc1bd4ea246934c6eb8a8e3e577a,19162,19162,11392,4608,504029,40066,16782,0.023867594000000002,0
ce42394bbddc8c65395cfa7ff7a199a5bcd4ee0e/6c8a2e1658c86e0aed72b0f618814d25aec2d836,19162,19162,26176,4992,303055,37238,16782,0.017189866,0
7b37db9a62ff489a6b3a683f1888fb2fa0fcba06/ce42394bbddc8c65395cfa7ff7a199a5bcd4ee0e,19162,19162,29248,4992,285115,29703,16782,0.017996318000000004,0
edfcb30297f6b89d3af0be0afb98b394137ec950/7b37db9a62ff489a6b3a683f1888fb2fa0fcba06,19162,19162,50816,3456,412588,38238,16782,0.017422312,0
e3fc49e53990e63a3dbc37d84a2821e23a23b2fd/edfcb30297f6b89d3af0be0afb98b394137ec950,19162,19162,32320,4992,302928,35936,16782,0.027429470999999997,0
a0dba15e5e700e12f474cd5fad12f728c8d1107f/e3fc49e53990e63a3dbc37d84a2821e23a23b2fd,19162,19162,33856,1920,295891,37538,16782,0.017582432,0
75a3d4dd360112c762200e7807b519853e0ee0b0/a0dba15e5e700e12f474cd5fad12f728c8d1107f,19162,19162,44672,4992,375283,41224,16782,0.017254691,0
aa4523514135bd75cd389566ffc0b691dd7a0d0f/75a3d4dd360112c762200e7807b519853e0ee0b0,19162,19162,2432,4608,255479,40671,16782,0.017027990000000003,0
a183b59ace3dc778db40c763666c0aaf61c81f77/aa4523514135bd75cd389566ffc0b691dd7a0d0f,19162,19162,53120,1920,385349,54048,16782,0.017653534999999998,0
bbe7ad5d438c13b324110393b53edacbd0655c22/a183b59ace3dc778db40c763666c0aaf61c81f77,19162,19162,33856,1920,275107,28520,16782,0.017234829,0
5784b7fb8ab90a50005b1f4475963a80bb1ef543/bbe7ad5d438c13b324110393b53edacbd0655c22,19162,19162,2624,4992,139698,29820,16782,0.017845760000000002,0
ad32f6f6ff26d1750645ccc22be569ed2f92a39d/5784b7fb8ab90a50005b1f4475963a80bb1ef543,19162,19162,10112,1920,177086,29069,16782,0.017420144999999998,0
5f781850803106eda0d2ef062765409eeeee7753/ad32f6f6ff26d1750645ccc22be569ed2f92a39d,19162,19162,45056,4992,253466,42369,16782,0.017499948,0
ceee251339806a7c06274708c93ae15cd2c2f05c/5f781850803106eda0d2ef062765409eeeee7753,19162,19162,52736,2304,327447,38672,16782,0.017417899,0
a9c3d3ac68223c83a98022eb88bbcf0f14a66863/ceee251339806a7c06274708c93ae15cd2c2f05c,19162,19162,14720,4608,304334,40952,16782,0.017472910999999997,0
a7f6b089d71b853728e0885334f6dafd2e51be25/a9c3d3ac68223c83a98022eb88bbcf0f14a66863,19162,19162,33856,1536,266894,41827,16782,0.018031975000000002,0
24c1b8567069887373846fe8a4c218614b71cfc1/a7f6b089d71b853728e0885334f6dafd2e51be25,19162,19162,29248,4992,269058,43471,16782,0.018297288999999998,0
4ddae0d488bc9e20d5f8295c269bcd4545337f58/24c1b8567069887373846fe8a4c218614b71cfc1,19162,19162,33856,1920,297510,81151,16782,0.017646953,0
b0673d8c7d3c14c3623b9c6fbcc5ee00010230f3/4ddae0d488bc9e20d5f8295c269bcd4545337f58,19162,19162,29248,4992,251970,29657,16782,0.016913064,0
0333746706e3a3e01635626a807b0efbfbce31db/b0673d8c7d3c14c3623b9c6fbcc5ee00010230f3,19162,19162,53888,1920,747226,29960,16782,0.016799803,0
0ef6688750d6432e42830dbe5b522cf8c8182790/0333746706e3a3e01635626a807b0efbfbce31db,19162,19162,46208,9600,446044,40294,16782,0.027400645,0
aedb0efb151c0c27a2d4f88a91018e25d589039d/0ef6688750d6432e42830dbe5b522cf8c8182790,19162,19162,29248,4608,279536,41568,16782,0.029085744,0
fa7be172245b05edcd3b3ef3a2b7db2659ecea9e/aedb0efb151c0c27a2d4f88a91018e25d589039d,19162,19162,20672,4608,167420,41135,16782,0.017805117,0
44df85a82900867ce4785b0ffced8db20c7e1968/fa7be172245b05edcd3b3ef3a2b7db2659ecea9e,19162,19162,39808,4992,948437,43838,16782,0.023192548,0
ac11adc359943ff2ae897ec4093c67b990ded3a6/44df85a82900867ce4785b0ffced8db20c7e1968,19162,19162,11648,4992,357717,44065,16782,0.025961899,0
1962106f6f6d1b86bcb23200ba5e80b65e04ae8f/ac11adc359943ff2ae897ec4093c67b990ded3a6,19162,19162,8576,4992,219566,41077,16782,0.02672918,0
7256a1d9b2113b942070cf1e16a7dbff0c341680/1962106f6f6d1b86bcb23200ba5e80b65e04ae8f,19162,19162,54592,4992,763717,48618,16782,0.03291022800000001,0
b854f7117e981bde7ecb86f902d1d1df754ae80e/7256a1d9b2113b942070cf1e16a7dbff0c341680,19162,19162,29248,4992,325340,40364,16782,0.016555244,0
c1a450d511821d26d8fa0c044f073e890bc25c05/b854f7117e981bde7ecb86f902d1d1df754ae80e,19162,19162,14720,4992,323910,44446,16782,0.027527392999999997,0
a580ed07844fedb34ec48260a663262c2d00e87f/c1a450d511821d26d8fa0c044f073e890bc25c05,19162,19162,0,4608,7129,31015,16782,0.016826558000000002,0
ab6b2fd5468e386bd78dd59dd9f007d3efc70e83/a580ed07844fedb34ec48260a663262c2d00e87f,19162,19162,0,4608,9343,43195,16782,0.018630918,0
a0e2577de61a0d7e8a3dd075be66a31c93ea0446/ab6b2fd5468e386bd78dd59dd9f007d3efc70e83,19162,19162,2240,4608,116563,41792,16782,0.017585273999999998,0
6652237230814c7901d35b6c74bd13edb5f68db5/a0e2577de61a0d7e8a3dd075be66a31c93ea0446,19162,19162,2432,4992,270810,43311,16782,0.017383466,0
565589953a4f4d25701aa04510e33be22146fef6/6652237230814c7901d35b6c74bd13edb5f68db5,19162,19162,29440,4992,168095,41103,16782,0.016483039,0
1cd85d01c96ae433e2f3d8ca77f304f6170c34b4/565589953a4f4d25701aa04510e33be22146fef6,19162,19162,51968,4992,637787,85788,16782,0.017636449,0
09960ffb041560438f22342d1b21a43ceac5364d/1cd85d01c96ae433e2f3d8ca77f304f6170c34b4,19162,19162,16256,1920,375797,32733,16782,0.016930245000000003,0
f881fab53f764db184ae47b91ec06dfd24331ce8/09960ffb041560438f22342d1b21a43ceac5364d,19162,19162,17792,4992,223580,32648,16782,0.017046910000000002,0
f5264779dbb891d195931a6d3879e5541596e2b7/f881fab53f764db184ae47b91ec06dfd24331ce8,19162,19162,53440,4992,555076,32191,16782,0.016353584,0
11a48cafdcf365f78caedd08d6c3fd541904a1a7/f5264779dbb891d195931a6d3879e5541596e2b7,19162,19162,33856,1536,402215,36665,16782,0.029408156,0
8c908a3c8b4363a58edb69cf029d761bdaec0abc/11a48cafdcf365f78caedd08d6c3fd541904a1a7,19162,19162,45056,4992,215467,42919,16782,0.017718304,0
a5eb7fd6fbc3e5fdebe65f90dc6c41729f17b7b0/8c908a3c8b4363a58edb69cf029d761bdaec0abc,19162,19162,25792,5376,276317,41767,16782,0.016819964,0
bb209490cd2eeced82b4c435083588af04448b95/a5eb7fd6fbc3e5fdebe65f90dc6c41729f17b7b0,19162,19162,10240,5376,177594,32737,16782,0.017382029,0
1df898a681347c3f1356ad0c8d70860ac4a6c9a4/bb209490cd2eeced82b4c435083588af04448b95,19162,19162,45056,5376,308528,29874,16782,0.017511622,0
6dabbdf9c9154a0c4cda276779ca7c9a14cfa720/1df898a681347c3f1356ad0c8d70860ac4a6c9a4,19162,19162,-20288,5376,255891,44668,16782,0.016163347999999998,0
bd932e561c6f6b6589ad849081683dd3e8c5d5d5/6dabbdf9c9154a0c4cda276779ca7c9a14cfa720,19162,19162,5120,3840,174795,34976,16782,0.017956885000000002,0
8c71e0a259702874f6ed3febadbf4c549507b500/bd932e561c6f6b6589ad849081683dd3e8c5d5d5,19162,19162,26176,4608,267278,31860,16782,0.017479907,0
247d4eff0b98c43c6593605b590a8d6f4464ba59/8c71e0a259702874f6ed3febadbf4c549507b500,19162,19162,5504,4608,245327,46575,16782,0.027541940999999997,0
4b9c269f5cba1431101ffde0290a871769120316/247d4eff0b98c43c6593605b590a8d6f4464ba59,19162,19162,43264,3456,1293184,45545,16782,0.029351099999999998,0
1daedb51f14851f178999d3b83d1e15950165a09/4b9c269f5cba1431101ffde0290a871769120316,19162,19162,56960,3456,806783,42826,16782,0.02864384,0
9a13e8664f308ca7a93041781d6d7680fb1b59a5/1daedb51f14851f178999d3b83d1e15950165a09,19162,19162,4160,3456,145446,41155,16782,0.028501091,0
9066755eb342cdbd98ea1aa189bbee39fa2ef492/9a13e8664f308ca7a93041781d6d7680fb1b59a5,19162,19162,-640,4992,402675,49455,16782,0.017974258,0
89ad267a131caff1be90ad144633c4d05693ed5a/9066755eb342cdbd98ea1aa189bbee39fa2ef492,19162,19162,49184,3456,414351,44689,16782,0.017174085000000002,0
593b5963269abc2b32ee7f4d0bbc96d1539a7afa/89ad267a131caff1be90ad144633c4d05693ed5a,19162,19162,21984,4608,54007801,103037,16780,0.969265756,6
753b0dfcbfbc1270ed9f4c90e93d649104f2eae2/593b5963269abc2b32ee7f4d0bbc96d1539a7afa,19162,19162,46656,2304,410607,31360,16782,0.017276771000000003,0
6ebd7d864830dbf615a767702bf5b0261f1a9722/753b0dfcbfbc1270ed9f4c90e93d649104f2eae2,19162,19162,48512,2688,622339,41887,16782,0.01751542,0
7031494cbb29f3443a85303bdf14389ae6a5b58e/6ebd7d864830dbf615a767702bf5b0261f1a9722,19162,19162,9344,4224,234296,40183,16782,0.017417021999999997,0
6bbf880d40c484398340fc76e538b8de93fef74e/7031494cbb29f3443a85303bdf14389ae6a5b58e,19162,19162,54272,1152,466252,33217,16782,0.018409636,0
ddc708ad23ae23012bff83f441069cd85077e1cf/6bbf880d40c484398340fc76e538b8de93fef74e,19162,19162,5888,4608,302335,39390,16782,0.028117834999999997,0
66433011733d8dafda8d6812c07e8356cc86c9f3/ddc708ad23ae23012bff83f441069cd85077e1cf,19162,19162,29632,4608,710378,45997,16782,0.023734802,0
59b26ca105d9ddce3160c420eb51ca22f597431b/66433011733d8dafda8d6812c07e8356cc86c9f3,19162,19162,9728,1536,234396,46884,16782,0.018845520999999997,0
f02feaff11850858a6d7dde000e6da0db5c30140/59b26ca105d9ddce3160c420eb51ca22f597431b,19162,19162,11792,768,37695668,46282,16780,3.294948924,6
fefa769d334e831bbea9340b97aab800dca0d31c/f02feaff11850858a6d7dde000e6da0db5c30140,19162,19162,26944,2688,345930,40651,16782,0.018867288000000003,0
dd462afa6b871397ca9f4ca3927cc7946fc343a0/fefa769d334e831bbea9340b97aab800dca0d31c,19162,19162,3200,4224,189777,33123,16782,0.016355442,0
468c68a6ac0340459c867648b4c1c8b9c65239c3/dd462afa6b871397ca9f4ca3927cc7946fc343a0,19162,19162,12416,4224,880383,49769,16782,0.024731610000000005,0
c6dba9b862b43fe2f73726f11015f67d5ebf7b58/468c68a6ac0340459c867648b4c1c8b9c65239c3,19162,19162,16384,1152,915846,47400,16782,0.023065475,0
a4fabc013e476854d5ea70aab139d79b4fd98215/c6dba9b862b43fe2f73726f11015f67d5ebf7b58,19162,19162,15488,4224,996495,63984,16782,0.023981574000000002,0
c5b022718ff4577273bcc0f7fefdb36fe0660ce3/a4fabc013e476854d5ea70aab139d79b4fd98215,19162,19162,18560,4224,483409,36535,16782,0.026867561,0
2545a3209fb7977bbccd1a9113d9ca7997ef5981/c5b022718ff4577273bcc0f7fefdb36fe0660ce3,19162,19162,2240,4224,160129,34152,16782,0.036213048000000005,0
5970382c9af8d8e3c35f4667ba0f917337cfe3b8/2545a3209fb7977bbccd1a9113d9ca7997ef5981,19162,19162,8960,4608,214201,31748,16782,0.01661078,0
156694066b5198740a820c6eef723fb86c054343/5970382c9af8d8e3c35f4667ba0f917337cfe3b8,19162,19162,0,4608,9346,34092,16782,0.018405980000000002,0
828d9ee74e8aef4f192bd0c6079db20c28780cb1/156694066b5198740a820c6eef723fb86c054343,19162,19162,16256,1920,204254,30349,16782,0.016812405,0
2331170e5b52b0db1d6aa73a5e7f66b8466b695a/828d9ee74e8aef4f192bd0c6079db20c28780cb1,19162,19162,16256,4992,221283,31715,16782,0.017159433,0
3092c2d17f467e549053b30f8095334e71ee1f90/2331170e5b52b0db1d6aa73a5e7f66b8466b695a,19162,19162,49280,4992,385833,46379,16782,0.018013895000000002,0
abbab8e20f220e745b059f22e25ec60895643b79/3092c2d17f467e549053b30f8095334e71ee1f90,19162,19162,15424,1920,229226,44897,16782,0.027390656,0
9f6a38402076fc0a85a48627c16312c50887435a/abbab8e20f220e745b059f22e25ec60895643b79,19162,19162,-46720,9600,215823,47409,16782,0.029127736,0
8079a29463906c3ffac781532be96cbf28b745c6/9f6a38402076fc0a85a48627c16312c50887435a,19162,19162,2432,1920,191938,38480,16782,0.016338193,0
3a5ef5002d3427080f82fd13a121c9a0f94869d2/8079a29463906c3ffac781532be96cbf28b745c6,19162,19162,53504,1536,367011,44240,16782,0.017852151,0
c85a4cbff0aeb150e9755c408703c5c7464f5f57/3a5ef5002d3427080f82fd13a121c9a0f94869d2,19162,19162,14720,4608,255384,45993,16782,0.017971197,0
13f703c25f43bda8935b28e7b481de48d6b9bc1b/c85a4cbff0aeb150e9755c408703c5c7464f5f57,19162,19162,5504,4992,205855,45499,16782,0.018678974,0
474bfb7240f525d6a49698c19ff2af27f2006387/13f703c25f43bda8935b28e7b481de48d6b9bc1b,19162,19162,19328,4992,375889,46922,16782,0.018332852,0
f6c0d8dcdca543b8817ad0b16f1156fd47240c66/474bfb7240f525d6a49698c19ff2af27f2006387,19162,19162,51520,4992,459462,47587,16782,0.027012770000000002,0
5d6bbc521753f2faf551a6109e2319d0b0e068c5/f6c0d8dcdca543b8817ad0b16f1156fd47240c66,19162,19162,31936,5376,304102,46492,16782,0.016441537000000003,0
89a2e994c84800a37f4db48628fae7ec7fa77bc5/5d6bbc521753f2faf551a6109e2319d0b0e068c5,19162,19162,-256,5376,394984,45114,16782,0.017121939,0
448e326ee1ea0b45b81945b57af93198620ada53/89a2e994c84800a37f4db48628fae7ec7fa77bc5,19162,19162,46544,3840,393295,33871,16782,0.017820595,0
a3e411c3a4fa064843071fd70add42a802f9f362/448e326ee1ea0b45b81945b57af93198620ada53,19162,19162,23744,3072,217024,92344,16782,0.017455915,0
eb0b0332b9c41c4e8c9b174efa1cec78a6206668/a3e411c3a4fa064843071fd70add42a802f9f362,19162,19162,46592,4608,378565,102060,16782,0.016522522,0
